Year,Total_Sales,Total_Profit,Total_Order_Quantity,Total_Cost,Profit_Margin_%
2017,52580534.7,19677772.164,23052,32902762.536000002,37.42406249056269
2018,53463661.7,19789189.546,23153,33674472.154,37.01428019846983
2019,48528944.2,18322181.197,21374,30206763.003000002,37.75516137645541
